<?xml version="1.0" encoding="utf-8" ?>
<dwsync>
<file name="browsers.php" server="C:/xampp/htdocs/PROJETOS/NfeNotasDownload/simples/" local="130543324060000000" remote="130543324060000000" Dst="1" />
<file name="browsers_array.php" server="C:/xampp/htdocs/PROJETOS/NfeNotasDownload/simples/" local="130543324060000000" remote="130543324060000000" Dst="1" />
<file name="dates.php" server="C:/xampp/htdocs/PROJETOS/NfeNotasDownload/simples/" local="130543324060000000" remote="130543324060000000" Dst="1" />
<file name="fieldTypes.php" server="C:/xampp/htdocs/PROJETOS/NfeNotasDownload/simples/" local="130543324060000000" remote="130543324060000000" Dst="1" />
<file name="formOnlyData.php" server="C:/xampp/htdocs/PROJETOS/NfeNotasDownload/simples/" local="130543324060000000" remote="130543324060000000" Dst="1" />
<file name="htmlTable.php" server="C:/xampp/htdocs/PROJETOS/NfeNotasDownload/simples/" local="130543324060000000" remote="130543324060000000" Dst="1" />
<file name="join.php" server="C:/xampp/htdocs/PROJETOS/NfeNotasDownload/simples/" local="130543324060000000" remote="130543324060000000" Dst="1" />
<file name="joinArray.php" server="C:/xampp/htdocs/PROJETOS/NfeNotasDownload/simples/" local="130543324060000000" remote="130543324060000000" Dst="1" />
<file name="joinLinkTable.php" server="C:/xampp/htdocs/PROJETOS/NfeNotasDownload/simples/" local="130543324060000000" remote="130543324060000000" Dst="1" />
<file name="joinSelf.php" server="C:/xampp/htdocs/PROJETOS/NfeNotasDownload/simples/" local="130543324060000000" remote="130543324060000000" Dst="1" />
<file name="jsonId.php" server="C:/xampp/htdocs/PROJETOS/NfeNotasDownload/simples/" local="130543324060000000" remote="130543324060000000" Dst="1" />
<file name="README.txt" server="C:/xampp/htdocs/PROJETOS/NfeNotasDownload/simples/" local="130543324060000000" remote="130543324060000000" Dst="1" />
<file name="staff-array.php" server="C:/xampp/htdocs/PROJETOS/NfeNotasDownload/simples/" local="130543324060000000" remote="130543324060000000" Dst="1" />
<file name="staff.php" server="C:/xampp/htdocs/PROJETOS/NfeNotasDownload/simples/" local="130543324060000000" remote="130543324060000000" Dst="1" />
<file name="standalone.php" server="C:/xampp/htdocs/PROJETOS/NfeNotasDownload/simples/" local="130543324060000000" remote="130543324060000000" Dst="1" />
<file name="tableFormatting.php" server="C:/xampp/htdocs/PROJETOS/NfeNotasDownload/simples/" local="130543324060000000" remote="130543324060000000" Dst="1" />
<file name="tableOnlyData.php" server="C:/xampp/htdocs/PROJETOS/NfeNotasDownload/simples/" local="130543324060000000" remote="130543324060000000" Dst="1" />
<file name="todo.php" server="C:/xampp/htdocs/PROJETOS/NfeNotasDownload/simples/" local="130543324060000000" remote="130543324060000000" Dst="1" />
</dwsync>