<?xml version="1.0" encoding="utf-8" ?>
<dwsync>
<file name="deepObjects.html" server="C:/xampp/htdocs/PROJETOS/NfeNotasDownload/simples/" local="130543324060000000" remote="130543324060000000" Dst="1" />
<file name="exportButtons.html" server="C:/xampp/htdocs/PROJETOS/NfeNotasDownload/simples/" local="130543324060000000" remote="130543324060000000" Dst="1" />
<file name="formOnlyData.html" server="C:/xampp/htdocs/PROJETOS/NfeNotasDownload/simples/" local="130543324060000000" remote="130543324060000000" Dst="1" />
<file name="htmlTable.html" server="C:/xampp/htdocs/PROJETOS/NfeNotasDownload/simples/" local="130543324060000000" remote="130543324060000000" Dst="1" />
<file name="index.html" server="C:/xampp/htdocs/PROJETOS/NfeNotasDownload/simples/" local="130543324060000000" remote="130543324060000000" Dst="1" />
<file name="joinArray.html" server="C:/xampp/htdocs/PROJETOS/NfeNotasDownload/simples/" local="130543324060000000" remote="130543324060000000" Dst="1" />
<file name="joinLinkTable.html" server="C:/xampp/htdocs/PROJETOS/NfeNotasDownload/simples/" local="130543324060000000" remote="130543324060000000" Dst="1" />
<file name="joinSelf.html" server="C:/xampp/htdocs/PROJETOS/NfeNotasDownload/simples/" local="130543324060000000" remote="130543324060000000" Dst="1" />
<file name="jsonId.html" server="C:/xampp/htdocs/PROJETOS/NfeNotasDownload/simples/" local="130543324060000000" remote="130543324060000000" Dst="1" />
<file name="localstorage.html" server="C:/xampp/htdocs/PROJETOS/NfeNotasDownload/simples/" local="130543324060000000" remote="130543324060000000" Dst="1" />
<file name="REST.html" server="C:/xampp/htdocs/PROJETOS/NfeNotasDownload/simples/" local="130543324060000000" remote="130543324060000000" Dst="1" />
<file name="tableOnlyData.html" server="C:/xampp/htdocs/PROJETOS/NfeNotasDownload/simples/" local="130543324060000000" remote="130543324060000000" Dst="1" />
<file name="test.html" server="C:/xampp/htdocs/PROJETOS/NfeNotasDownload/simples/" local="130543324060000000" remote="130543324060000000" Dst="1" />
<file name="test.php" server="C:/xampp/htdocs/PROJETOS/NfeNotasDownload/simples/" local="130543324060000000" remote="130543324060000000" Dst="1" />
</dwsync>