<?xml version="1.0" encoding="utf-8" ?>
<dwsync>
<file name="background.png" server="C:/xampp/htdocs/PROJETOS/NfeNotasDownload/simples/" local="130463517320000000" remote="130463517320000000" Dst="1" />
<file name="bkg-jumbotron.jpg" server="C:/xampp/htdocs/PROJETOS/NfeNotasDownload/simples/" local="130480042640000000" remote="130480042640000000" Dst="1" />
<file name="bkg-plus.jpg" server="C:/xampp/htdocs/PROJETOS/NfeNotasDownload/simples/" local="130292139520000000" remote="130292175520000000" Dst="1" />
<file name="box1.png" server="C:/xampp/htdocs/PROJETOS/NfeNotasDownload/simples/" local="130455980520000000" remote="130455980520000000" Dst="1" />
<file name="collection.png" server="C:/xampp/htdocs/PROJETOS/NfeNotasDownload/simples/" local="130463517320000000" remote="130463517320000000" Dst="1" />
<file name="collection_hover.png" server="C:/xampp/htdocs/PROJETOS/NfeNotasDownload/simples/" local="130463517320000000" remote="130463517320000000" Dst="1" />
<file name="copy.png" server="C:/xampp/htdocs/PROJETOS/NfeNotasDownload/simples/" local="130463517320000000" remote="130463517320000000" Dst="1" />
<file name="copy_hover.png" server="C:/xampp/htdocs/PROJETOS/NfeNotasDownload/simples/" local="130463517320000000" remote="130463517320000000" Dst="1" />
<file name="csv.png" server="C:/xampp/htdocs/PROJETOS/NfeNotasDownload/simples/" local="130463517320000000" remote="130463517320000000" Dst="1" />
<file name="csv_hover.png" server="C:/xampp/htdocs/PROJETOS/NfeNotasDownload/simples/" local="130463517320000000" remote="130463517320000000" Dst="1" />
<file name="icon.ico" server="C:/xampp/htdocs/PROJETOS/NfeNotasDownload/simples/" local="130752231920000000" remote="130752231920000000" Dst="1" />
<file name="icon.png" server="C:/xampp/htdocs/PROJETOS/NfeNotasDownload/simples/" local="130752231100000000" remote="130752231100000000" Dst="1" />
<file name="loading-icon.gif" server="C:/xampp/htdocs/PROJETOS/NfeNotasDownload/simples/" local="130736923120000000" remote="130736923120000000" Dst="1" />
<file name="loading-icon_.gif" server="C:/xampp/htdocs/PROJETOS/NfeNotasDownload/simples/" local="130489561240000000" remote="130489561240000000" Dst="1" />
<file name="logo.jpg" server="C:/xampp/htdocs/PROJETOS/NfeNotasDownload/simples/" local="130852656600000000" remote="130852656600000000" Dst="1" />
<file name="logo.png" server="C:/xampp/htdocs/PROJETOS/NfeNotasDownload/simples/" local="130852650000000000" remote="130852650000000000" Dst="1" />
<file name="logologins.png" server="C:/xampp/htdocs/PROJETOS/NfeNotasDownload/simples/" local="131574852920000000" remote="131574888920000000" Dst="1" />
<file name="menuadm.png" server="C:/xampp/htdocs/PROJETOS/NfeNotasDownload/simples/" local="130455980440000000" remote="130455980440000000" Dst="1" />
<file name="nicEditorIcons.gif" server="C:/xampp/htdocs/PROJETOS/NfeNotasDownload/simples/" local="130424267720000000" remote="130424267720000000" Dst="1" />
<file name="pdf.png" server="C:/xampp/htdocs/PROJETOS/NfeNotasDownload/simples/" local="130463517320000000" remote="130463517320000000" Dst="1" />
<file name="pdf_hover.png" server="C:/xampp/htdocs/PROJETOS/NfeNotasDownload/simples/" local="130463517320000000" remote="130463517320000000" Dst="1" />
<file name="print.png" server="C:/xampp/htdocs/PROJETOS/NfeNotasDownload/simples/" local="130463517320000000" remote="130463517320000000" Dst="1" />
<file name="print_hover.png" server="C:/xampp/htdocs/PROJETOS/NfeNotasDownload/simples/" local="130463517320000000" remote="130463517320000000" Dst="1" />
<file name="report.png" server="C:/xampp/htdocs/PROJETOS/NfeNotasDownload/simples/" local="130700319020000000" remote="130700319020000000" Dst="1" />
<file name="sort_asc.png" server="C:/xampp/htdocs/PROJETOS/NfeNotasDownload/simples/" local="130482034460000000" remote="130482034460000000" Dst="1" />
<file name="sort_both.png" server="C:/xampp/htdocs/PROJETOS/NfeNotasDownload/simples/" local="130482034540000000" remote="130482034540000000" Dst="1" />
<file name="sort_desc.png" server="C:/xampp/htdocs/PROJETOS/NfeNotasDownload/simples/" local="130482035240000000" remote="130482035240000000" Dst="1" />
<file name="texture.png" server="C:/xampp/htdocs/PROJETOS/NfeNotasDownload/simples/" local="130455980400000000" remote="130455980400000000" Dst="1" />
<file name="texture2.png" server="C:/xampp/htdocs/PROJETOS/NfeNotasDownload/simples/" local="130455980400000000" remote="130455980400000000" Dst="1" />
<file name="ui-bg_flat_0_aaaaaa_40x100.png" server="C:/xampp/htdocs/PROJETOS/NfeNotasDownload/simples/" local="130455980340000000" remote="130455980340000000" Dst="1" />
<file name="ui-bg_flat_0_eeeeee_40x100.png" server="C:/xampp/htdocs/PROJETOS/NfeNotasDownload/simples/" local="130455980340000000" remote="130455980340000000" Dst="1" />
<file name="ui-bg_flat_55_ffffff_40x100.png" server="C:/xampp/htdocs/PROJETOS/NfeNotasDownload/simples/" local="130455980320000000" remote="130455980320000000" Dst="1" />
<file name="ui-bg_flat_75_ffffff_40x100.png" server="C:/xampp/htdocs/PROJETOS/NfeNotasDownload/simples/" local="130455980320000000" remote="130455980320000000" Dst="1" />
<file name="ui-bg_glass_55_fbf9ee_1x400 (1).png" server="C:/xampp/htdocs/PROJETOS/NfeNotasDownload/simples/" local="130455980320000000" remote="130455980320000000" Dst="1" />
<file name="ui-bg_glass_55_fbf9ee_1x400.png" server="C:/xampp/htdocs/PROJETOS/NfeNotasDownload/simples/" local="130455980320000000" remote="130455980320000000" Dst="1" />
<file name="ui-bg_glass_65_ffffff_1x400.png" server="C:/xampp/htdocs/PROJETOS/NfeNotasDownload/simples/" local="130455980320000000" remote="130455980320000000" Dst="1" />
<file name="ui-bg_glass_75_dadada_1x400.png" server="C:/xampp/htdocs/PROJETOS/NfeNotasDownload/simples/" local="130455980320000000" remote="130455980320000000" Dst="1" />
<file name="ui-bg_glass_75_e6e6e6_1x400.png" server="C:/xampp/htdocs/PROJETOS/NfeNotasDownload/simples/" local="130455980300000000" remote="130455980300000000" Dst="1" />
<file name="ui-bg_highlight-soft_100_f6f6f6_1x100.png" server="C:/xampp/htdocs/PROJETOS/NfeNotasDownload/simples/" local="130455980300000000" remote="130455980300000000" Dst="1" />
<file name="ui-bg_highlight-soft_25_0073ea_1x100.png" server="C:/xampp/htdocs/PROJETOS/NfeNotasDownload/simples/" local="130455980300000000" remote="130455980300000000" Dst="1" />
<file name="ui-bg_highlight-soft_50_dddddd_1x100.png" server="C:/xampp/htdocs/PROJETOS/NfeNotasDownload/simples/" local="130455980300000000" remote="130455980300000000" Dst="1" />
<file name="ui-bg_highlight-soft_75_cccccc_1x100.png" server="C:/xampp/htdocs/PROJETOS/NfeNotasDownload/simples/" local="130455980300000000" remote="130455980300000000" Dst="1" />
<file name="ui-icons_0073ea_256x240.png" server="C:/xampp/htdocs/PROJETOS/NfeNotasDownload/simples/" local="130455980280000000" remote="130455980280000000" Dst="1" />
<file name="ui-icons_222222_256x240.png" server="C:/xampp/htdocs/PROJETOS/NfeNotasDownload/simples/" local="130455980280000000" remote="130455980280000000" Dst="1" />
<file name="ui-icons_454545_256x240.png" server="C:/xampp/htdocs/PROJETOS/NfeNotasDownload/simples/" local="130455980280000000" remote="130455980280000000" Dst="1" />
<file name="ui-icons_666666_256x240.png" server="C:/xampp/htdocs/PROJETOS/NfeNotasDownload/simples/" local="130455980280000000" remote="130455980280000000" Dst="1" />
<file name="ui-icons_ff0084_256x240.png" server="C:/xampp/htdocs/PROJETOS/NfeNotasDownload/simples/" local="130455980280000000" remote="130455980280000000" Dst="1" />
<file name="ui-icons_ffffff_256x240.png" server="C:/xampp/htdocs/PROJETOS/NfeNotasDownload/simples/" local="130455980280000000" remote="130455980280000000" Dst="1" />
<file name="xls.png" server="C:/xampp/htdocs/PROJETOS/NfeNotasDownload/simples/" local="130463517320000000" remote="130463517320000000" Dst="1" />
<file name="xls_hover.png" server="C:/xampp/htdocs/PROJETOS/NfeNotasDownload/simples/" local="130463517320000000" remote="130463517320000000" Dst="1" />
</dwsync>