<?xml version="1.0" encoding="utf-8" ?>
<dwsync>
<file name="bootstrap.min.js" server="C:/xampp/htdocs/PROJETOS/layouts/" local="130194381920000000" remote="130194381920000000" Dst="1" />
<file name="respond.min.js" server="C:/xampp/htdocs/PROJETOS/layouts/" local="130193560900000000" remote="130193560900000000" Dst="1" />
<file name="holder.js" server="C:/xampp/htdocs/PROJETOS/layouts/" local="130193560900000000" remote="130193560900000000" Dst="1" />
<file name="bootstrap.js" server="C:/xampp/htdocs/PROJETOS/layouts/" local="130194381920000000" remote="130194381920000000" Dst="1" />
<file name="html5shiv.js" server="C:/xampp/htdocs/PROJETOS/layouts/" local="130193560900000000" remote="130193560900000000" Dst="1" />
<file name="jquery.js" server="C:/xampp/htdocs/PROJETOS/layouts/" local="130193560900000000" remote="130193560900000000" Dst="1" />
<file name="bootstrap.min.js" server="ftp.prodapro.com.br/public_html/projeto/" local="130200082981107250" remote="130204683250000000" Dst="1" />
<file name="respond.min.js" server="ftp.prodapro.com.br/public_html/projeto/" local="130200082962436182" remote="130204683330000000" Dst="1" />
<file name="holder.js" server="ftp.prodapro.com.br/public_html/projeto/" local="130200082970446641" remote="130204683260000000" Dst="1" />
<file name="cte.js" server="ftp.prodapro.com.br/public_html/projeto/" local="130205497694051322" remote="130205497680000000" Dst="1" />
<file name="jquery.maskMoney.js" server="ftp.prodapro.com.br/public_html/projeto/" local="130201812933241907" remote="130204683300000000" Dst="1" />
<file name="jquery.maskedinput.js" server="ftp.prodapro.com.br/public_html/projeto/" local="130201812973244195" remote="130204683290000000" Dst="1" />
<file name="jquery.jqprint-0.3.js" server="ftp.prodapro.com.br/public_html/projeto/" local="130201813007076130" remote="130204683280000000" Dst="1" />
<file name="bootstrap.js" server="ftp.prodapro.com.br/public_html/projeto/" local="130200082966066390" remote="130204683140000000" Dst="1" />
<file name="html5shiv.js" server="ftp.prodapro.com.br/public_html/projeto/" local="130200082969626594" remote="130204683270000000" Dst="1" />
<file name="jquery.dataTables.min.js" server="ftp.prodapro.com.br/public_html/projeto/" local="130168337863085323" remote="130204683280000000" Dst="1" />
<file name="jquery.js" server="ftp.prodapro.com.br/public_html/projeto/" local="130200082978807119" remote="130204683290000000" Dst="1" />
<file name="jquery.tools.min.js" server="ftp.prodapro.com.br/public_html/projeto/" local="130203499150043227" remote="130204683310000000" Dst="1" />
<file name="jquery.uniform.min.js" server="ftp.prodapro.com.br/public_html/projeto/" local="130111935827351797" remote="130204683320000000" Dst="1" />
<file name="menu.js" server="ftp.prodapro.com.br/public_html/projeto/" local="130200132504409821" remote="130204683320000000" Dst="1" />
<file name="meusmetodos.js" server="ftp.prodapro.com.br/public_html/projeto/" local="130201843784476497" remote="130204683330000000" Dst="1" />
<file name="jquery.js" server="ftp.prodapro.com/public_html/" local="130200082978807119" remote="130215679630000000" Dst="1" />
<file name="bootstrap.min.js" server="ftp.prodapro.com/public_html/" local="130200082981107250" remote="130215679640000000" Dst="1" />
<file name="respond.min.js" server="ftp.prodapro.com/public_html/" local="130200082962436182" remote="130215679640000000" Dst="1" />
<file name="holder.js" server="ftp.prodapro.com/public_html/" local="130200082970446641" remote="130215679640000000" Dst="1" />
<file name="jquery-ui-1.9.2.min.js" server="ftp.prodapro.com/public_html/" local="130111935854949453" remote="130215679660000000" Dst="1" />
<file name="jquery.dataTables.min.js" server="ftp.prodapro.com/public_html/" local="130168337863085323" remote="130215679670000000" Dst="1" />
<file name="jquery.maskMoney.js" server="ftp.prodapro.com/public_html/" local="130201812933241907" remote="130215679680000000" Dst="1" />
<file name="jquery.maskedinput.js" server="ftp.prodapro.com/public_html/" local="130201812973244195" remote="130215679680000000" Dst="1" />
<file name="jquery.jqprint-0.3.js" server="ftp.prodapro.com/public_html/" local="130201813007076130" remote="130215679680000000" Dst="1" />
<file name="jquery.validate.js" server="ftp.prodapro.com/public_html/" local="130084500160000000" remote="130215679690000000" Dst="1" />
<file name="cte.js" server="ftp.prodapro.com/public_html/" local="130217304796083238" remote="130217305660000000" Dst="1" />
<file name="jquery.uniform.min.js" server="ftp.prodapro.com/public_html/" local="130111935827351797" remote="130215679700000000" Dst="1" />
<file name="bootstrap.js" server="ftp.prodapro.com/public_html/" local="130200082966066390" remote="130216671440000000" Dst="1" />
<file name="html5shiv.js" server="ftp.prodapro.com/public_html/" local="130200082969626594" remote="130216671450000000" Dst="1" />
<file name="jquery.tools.min.js" server="ftp.prodapro.com/public_html/" local="130203499150043227" remote="130216671470000000" Dst="1" />
<file name="menu.js" server="ftp.prodapro.com/public_html/" local="130200132504409821" remote="130216671470000000" Dst="1" />
<file name="meusmetodos.js" server="ftp.prodapro.com/public_html/" local="130201843784476497" remote="130216671480000000" Dst="1" />
<file name="cte.js" server="ftp.prodapro.com/public_html/test/" local="130264177681492747" remote="130264177790000000" Dst="1" />
<file name="jquery.js" server="ftp.prodapro.com/public_html/test/" local="130218619450674957" remote="130264071710000000" Dst="1" />
<file name="bootstrap.min.js" server="ftp.prodapro.com/public_html/test/" local="130218619453585123" remote="130264071720000000" Dst="1" />
<file name="respond.min.js" server="ftp.prodapro.com/public_html/test/" local="130218619444044578" remote="130264071720000000" Dst="1" />
<file name="holder.js" server="ftp.prodapro.com/public_html/test/" local="130218619454815194" remote="130264071730000000" Dst="1" />
<file name="jquery-ui-1.9.2.min.js" server="ftp.prodapro.com/public_html/test/" local="130218619469916057" remote="130264071820000000" Dst="1" />
<file name="jquery.dataTables.min.js" server="ftp.prodapro.com/public_html/test/" local="130246738210000000" remote="130264071840000000" Dst="1" />
<file name="jquery.maskMoney.js" server="ftp.prodapro.com/public_html/test/" local="130218619448314822" remote="130264071860000000" Dst="1" />
<file name="jquery.maskedinput.js" server="ftp.prodapro.com/public_html/test/" local="130218619461095553" remote="130264071870000000" Dst="1" />
<file name="jquery.jqprint-0.3.js" server="ftp.prodapro.com/public_html/test/" local="130218619452795078" remote="130264071880000000" Dst="1" />
<file name="jquery.validate.js" server="ftp.prodapro.com/public_html/test/" local="130218619461975603" remote="130264071900000000" Dst="1" />
<file name="chosen.jquery.js" server="ftp.prodapro.com/public_html/test/" local="130196704000000000" remote="130264071910000000" Dst="1" />
<file name="jquery.uniform.min.js" server="ftp.prodapro.com/public_html/test/" local="130218619450944972" remote="130264071940000000" Dst="1" />
<file name="alert.js" server="ftp.prodapro.com/public_html/test/" local="130214063000000000" remote="130264071940000000" Dst="1" />
<file name="tooltip.js" server="ftp.prodapro.com/public_html/test/" local="130214063000000000" remote="130264071950000000" Dst="1" />
<file name="popover.js" server="ftp.prodapro.com/public_html/test/" local="130214063000000000" remote="130264071950000000" Dst="1" />
<file name="bootstrap-select.js" server="ftp.prodapro.com/public_html/test/" local="130251989120000000" remote="130264071960000000" Dst="1" />
<file name="alert.js" server="C:/xampp/htdocs/PROJETOS/NfeNotasDownload/simples/" local="130512821740000000" remote="130512821740000000" Dst="1" />
<file name="app.plugin.js" server="C:/xampp/htdocs/PROJETOS/NfeNotasDownload/simples/" local="130455981460000000" remote="130455981460000000" Dst="1" />
<file name="app.v1.js" server="C:/xampp/htdocs/PROJETOS/NfeNotasDownload/simples/" local="130455981480000000" remote="130455981480000000" Dst="1" />
<file name="application.js" server="C:/xampp/htdocs/PROJETOS/NfeNotasDownload/simples/" local="130292139520000000" remote="130292175520000000" Dst="1" />
<file name="bootbox.js" server="C:/xampp/htdocs/PROJETOS/NfeNotasDownload/simples/" local="130455981460000000" remote="130455981460000000" Dst="1" />
<file name="bootstrap-affix.js" server="C:/xampp/htdocs/PROJETOS/NfeNotasDownload/simples/" local="130292139520000000" remote="130292175520000000" Dst="1" />
<file name="bootstrap-alert.js" server="C:/xampp/htdocs/PROJETOS/NfeNotasDownload/simples/" local="130292139520000000" remote="130292175520000000" Dst="1" />
<file name="bootstrap-button.js" server="C:/xampp/htdocs/PROJETOS/NfeNotasDownload/simples/" local="130292139520000000" remote="130292175520000000" Dst="1" />
<file name="bootstrap-carousel.js" server="C:/xampp/htdocs/PROJETOS/NfeNotasDownload/simples/" local="130292139520000000" remote="130292175520000000" Dst="1" />
<file name="bootstrap-collapse.js" server="C:/xampp/htdocs/PROJETOS/NfeNotasDownload/simples/" local="130292139520000000" remote="130292175520000000" Dst="1" />
<file name="bootstrap-datepicker.js" server="C:/xampp/htdocs/PROJETOS/NfeNotasDownload/simples/" local="130483792260000000" remote="130483792260000000" Dst="1" />
<file name="bootstrap-dropdown.js" server="C:/xampp/htdocs/PROJETOS/NfeNotasDownload/simples/" local="130292139520000000" remote="130292175520000000" Dst="1" />
<file name="bootstrap-modal.js" server="C:/xampp/htdocs/PROJETOS/NfeNotasDownload/simples/" local="130292139520000000" remote="130292175520000000" Dst="1" />
<file name="bootstrap-popover.js" server="C:/xampp/htdocs/PROJETOS/NfeNotasDownload/simples/" local="130292139520000000" remote="130292175520000000" Dst="1" />
<file name="bootstrap-scrollspy.js" server="C:/xampp/htdocs/PROJETOS/NfeNotasDownload/simples/" local="130292139520000000" remote="130292175520000000" Dst="1" />
<file name="bootstrap-select.js" server="C:/xampp/htdocs/PROJETOS/NfeNotasDownload/simples/" local="130512821740000000" remote="130512821740000000" Dst="1" />
<file name="bootstrap-tab.js" server="C:/xampp/htdocs/PROJETOS/NfeNotasDownload/simples/" local="130292139520000000" remote="130292175520000000" Dst="1" />
<file name="bootstrap-tooltip.js" server="C:/xampp/htdocs/PROJETOS/NfeNotasDownload/simples/" local="130292139520000000" remote="130292175520000000" Dst="1" />
<file name="bootstrap-transition.js" server="C:/xampp/htdocs/PROJETOS/NfeNotasDownload/simples/" local="130292139520000000" remote="130292175520000000" Dst="1" />
<file name="bootstrap-typeahead.js" server="C:/xampp/htdocs/PROJETOS/NfeNotasDownload/simples/" local="130292139520000000" remote="130292175520000000" Dst="1" />
<file name="bootstrap.js" server="C:/xampp/htdocs/PROJETOS/NfeNotasDownload/simples/" local="130512821740000000" remote="130512821740000000" Dst="1" />
<file name="bootstrap.min.js" server="C:/xampp/htdocs/PROJETOS/NfeNotasDownload/simples/" local="130512821740000000" remote="130512821740000000" Dst="1" />
<file name="chosen.jquery.js" server="C:/xampp/htdocs/PROJETOS/NfeNotasDownload/simples/" local="130512821740000000" remote="130512821740000000" Dst="1" />
<file name="classie.js" server="C:/xampp/htdocs/PROJETOS/NfeNotasDownload/simples/" local="130512821740000000" remote="130512821740000000" Dst="1" />
<file name="cte.js" server="C:/xampp/htdocs/PROJETOS/NfeNotasDownload/simples/" local="130774050200000000" remote="130774050200000000" Dst="1" />
<file name="DataTables-1.10.2-trial.zip" server="C:/xampp/htdocs/PROJETOS/NfeNotasDownload/simples/" local="130552579660000000" remote="130552579660000000" Dst="1" />
<file name="dataTables.editor.js" server="C:/xampp/htdocs/PROJETOS/NfeNotasDownload/simples/" local="130543324060000000" remote="130543324060000000" Dst="1" />
<file name="dataTables.editor.min.js" server="C:/xampp/htdocs/PROJETOS/NfeNotasDownload/simples/" local="130552575520000000" remote="130552575520000000" Dst="1" />
<file name="dataTables.tableTools.js" server="C:/xampp/htdocs/PROJETOS/NfeNotasDownload/simples/" local="130483803260000000" remote="130483803260000000" Dst="1" />
<file name="editetable.js" server="C:/xampp/htdocs/PROJETOS/NfeNotasDownload/simples/" local="130559461460000000" remote="130559461460000000" Dst="1" />
<file name="Editor-1.3.3-trial.zip" server="C:/xampp/htdocs/PROJETOS/NfeNotasDownload/simples/" local="130552608160000000" remote="130552608160000000" Dst="1" />
<file name="gnmenu.js" server="C:/xampp/htdocs/PROJETOS/NfeNotasDownload/simples/" local="130512821740000000" remote="130512821740000000" Dst="1" />
<file name="holder.js" server="C:/xampp/htdocs/PROJETOS/NfeNotasDownload/simples/" local="130512821740000000" remote="130512821740000000" Dst="1" />
<file name="html5shiv.js" server="C:/xampp/htdocs/PROJETOS/NfeNotasDownload/simples/" local="130512821740000000" remote="130512821740000000" Dst="1" />
<file name="jquery-1.10.2.js" server="C:/xampp/htdocs/PROJETOS/NfeNotasDownload/simples/" local="130483786700000000" remote="130483786700000000" Dst="1" />
<file name="jquery-1.7.min.js" server="C:/xampp/htdocs/PROJETOS/NfeNotasDownload/simples/" local="130512821740000000" remote="130512821740000000" Dst="1" />
<file name="jquery-2.0.2.min.map" server="C:/xampp/htdocs/PROJETOS/NfeNotasDownload/simples/" local="130512821740000000" remote="130512821740000000" Dst="1" />
<file name="jquery-ui-1.9.2.min.js" server="C:/xampp/htdocs/PROJETOS/NfeNotasDownload/simples/" local="130512821740000000" remote="130512821740000000" Dst="1" />
<file name="jquery-ui.js" server="C:/xampp/htdocs/PROJETOS/NfeNotasDownload/simples/" local="130483785440000000" remote="130483785440000000" Dst="1" />
<file name="jquery.autocomplete.js" server="C:/xampp/htdocs/PROJETOS/NfeNotasDownload/simples/" local="130512821720000000" remote="130512821720000000" Dst="1" />
<file name="jquery.dataTables.js" server="C:/xampp/htdocs/PROJETOS/NfeNotasDownload/simples/" local="130537031460000000" remote="130537031460000000" Dst="1" />
<file name="jquery.dataTables.min.js" server="C:/xampp/htdocs/PROJETOS/NfeNotasDownload/simples/" local="130512821720000000" remote="130512821720000000" Dst="1" />
<file name="jquery.jqprint-0.3.js" server="C:/xampp/htdocs/PROJETOS/NfeNotasDownload/simples/" local="130512821720000000" remote="130512821720000000" Dst="1" />
<file name="jquery.js" server="C:/xampp/htdocs/PROJETOS/NfeNotasDownload/simples/" local="130512821720000000" remote="130512821720000000" Dst="1" />
<file name="jquery.maskedinput.js" server="C:/xampp/htdocs/PROJETOS/NfeNotasDownload/simples/" local="130512821720000000" remote="130512821720000000" Dst="1" />
<file name="jquery.maskMoney.js" server="C:/xampp/htdocs/PROJETOS/NfeNotasDownload/simples/" local="130512821720000000" remote="130512821720000000" Dst="1" />
<file name="jquery.selectric.js" server="C:/xampp/htdocs/PROJETOS/NfeNotasDownload/simples/" local="130483556460000000" remote="130483556460000000" Dst="1" />
<file name="jquery.tools.min.js" server="C:/xampp/htdocs/PROJETOS/NfeNotasDownload/simples/" local="130512821720000000" remote="130512821720000000" Dst="1" />
<file name="jquery.uniform.min.js" server="C:/xampp/htdocs/PROJETOS/NfeNotasDownload/simples/" local="130512821720000000" remote="130512821720000000" Dst="1" />
<file name="jquery.validate.js" server="C:/xampp/htdocs/PROJETOS/NfeNotasDownload/simples/" local="130512821720000000" remote="130512821720000000" Dst="1" />
<file name="menu.js" server="C:/xampp/htdocs/PROJETOS/NfeNotasDownload/simples/" local="130512821720000000" remote="130512821720000000" Dst="1" />
<file name="metodo_leitora.js" server="C:/xampp/htdocs/PROJETOS/NfeNotasDownload/simples/" local="131232872220000000" remote="131232908220000000" Dst="1" />
<file name="metodo_mercado.js" server="C:/xampp/htdocs/PROJETOS/NfeNotasDownload/simples/" local="131365596240000000" remote="131365596240000000" Dst="1" />
<file name="meusmetodos.js" server="C:/xampp/htdocs/PROJETOS/NfeNotasDownload/simples/" local="130850687020000000" remote="130850687020000000" Dst="1" />
<file name="modernizr.custom.js" server="C:/xampp/htdocs/PROJETOS/NfeNotasDownload/simples/" local="130512821720000000" remote="130512821720000000" Dst="1" />
<file name="nicEdit.js" server="C:/xampp/htdocs/PROJETOS/NfeNotasDownload/simples/" local="130577659960000000" remote="130577659960000000" Dst="1" />
<file name="pnotify.custom.min.js" server="C:/xampp/htdocs/PROJETOS/NfeNotasDownload/simples/" local="130578683280000000" remote="130578683280000000" Dst="1" />
<file name="popover.js" server="C:/xampp/htdocs/PROJETOS/NfeNotasDownload/simples/" local="130512821720000000" remote="130512821720000000" Dst="1" />
<file name="respond.min.js" server="C:/xampp/htdocs/PROJETOS/NfeNotasDownload/simples/" local="130512821720000000" remote="130512821720000000" Dst="1" />
<file name="sortable.js" server="C:/xampp/htdocs/PROJETOS/NfeNotasDownload/simples/" local="130578693260000000" remote="130578693260000000" Dst="1" />
<file name="teste.js" server="C:/xampp/htdocs/PROJETOS/NfeNotasDownload/simples/" local="130483776340000000" remote="130483776340000000" Dst="1" />
<file name="tooltip.js" server="C:/xampp/htdocs/PROJETOS/NfeNotasDownload/simples/" local="130512821720000000" remote="130512821720000000" Dst="1" />
</dwsync>