<?xml version="1.0" encoding="utf-8" ?>
<dwsync>
<file name="class.ApropriacaoMovimentacao.php" server="C:/xampp/htdocs/PROJETOS/NfeNotasDownload/simples/" local="130747861020000000" remote="130747861020000000" Dst="1" />
<file name="class.ApropriacaoMovimentacaoDAO.php" server="C:/xampp/htdocs/PROJETOS/NfeNotasDownload/simples/" local="130748691220000000" remote="130748691220000000" Dst="1" />
<file name="class.Centro.php" server="C:/xampp/htdocs/PROJETOS/NfeNotasDownload/simples/" local="130512821700000000" remote="130512821700000000" Dst="1" />
<file name="class.CentroCusto.php" server="C:/xampp/htdocs/PROJETOS/NfeNotasDownload/simples/" local="130747180160000000" remote="130747180160000000" Dst="1" />
<file name="class.CentroCustoDAO.php" server="C:/xampp/htdocs/PROJETOS/NfeNotasDownload/simples/" local="130748915840000000" remote="130748915840000000" Dst="1" />
<file name="class.CentroDAO.php" server="C:/xampp/htdocs/PROJETOS/NfeNotasDownload/simples/" local="130512821700000000" remote="130512821700000000" Dst="1" />
<file name="class.Cfop.php" server="C:/xampp/htdocs/PROJETOS/NfeNotasDownload/simples/" local="130549977960000000" remote="130549977960000000" Dst="1" />
<file name="class.CfopDAO.php" server="C:/xampp/htdocs/PROJETOS/NfeNotasDownload/simples/" local="130850742240000000" remote="130850742240000000" Dst="1" />
<file name="class.Cliente.php" server="C:/xampp/htdocs/PROJETOS/NfeNotasDownload/simples/" local="130542452140000000" remote="130542452140000000" Dst="1" />
<file name="class.ClienteDAO.php" server="C:/xampp/htdocs/PROJETOS/NfeNotasDownload/simples/" local="130543133900000000" remote="130543133900000000" Dst="1" />
<file name="class.Conta.php" server="C:/xampp/htdocs/PROJETOS/NfeNotasDownload/simples/" local="130512821700000000" remote="130512821700000000" Dst="1" />
<file name="class.ContaDAO.php" server="C:/xampp/htdocs/PROJETOS/NfeNotasDownload/simples/" local="130512821700000000" remote="130512821700000000" Dst="1" />
<file name="class.DbAdmin.php" server="C:/xampp/htdocs/PROJETOS/NfeNotasDownload/simples/" local="130532080260000000" remote="130532080260000000" Dst="1" />
<file name="class.Duplic.php" server="C:/xampp/htdocs/PROJETOS/NfeNotasDownload/simples/" local="130748955080000000" remote="130748955080000000" Dst="1" />
<file name="class.DuplicDAO.php" server="C:/xampp/htdocs/PROJETOS/NfeNotasDownload/simples/" local="130828234800000000" remote="130828234800000000" Dst="1" />
<file name="class.Duplic_Receber.php" server="C:/xampp/htdocs/PROJETOS/NfeNotasDownload/simples/" local="130620995640000000" remote="130621031640000000" Dst="1" />
<file name="class.Duplic_ReceberDAO.php" server="C:/xampp/htdocs/PROJETOS/NfeNotasDownload/simples/" local="130693431620000000" remote="130693431620000000" Dst="1" />
<file name="class.FinancContas.php" server="C:/xampp/htdocs/PROJETOS/NfeNotasDownload/simples/" local="130692574480000000" remote="130692574480000000" Dst="1" />
<file name="class.FinancContasDAO.php" server="C:/xampp/htdocs/PROJETOS/NfeNotasDownload/simples/" local="130747238320000000" remote="130747238320000000" Dst="1" />
<file name="class.FinancMovimentacao.php" server="C:/xampp/htdocs/PROJETOS/NfeNotasDownload/simples/" local="130693463880000000" remote="130693463880000000" Dst="1" />
<file name="class.FinancMovimentacaoDAO.php" server="C:/xampp/htdocs/PROJETOS/NfeNotasDownload/simples/" local="130693574700000000" remote="130693574700000000" Dst="1" />
<file name="class.Formulacao.php" server="C:/xampp/htdocs/PROJETOS/NfeNotasDownload/simples/" local="130550883460000000" remote="130550883460000000" Dst="1" />
<file name="class.FormulacaoDAO.php" server="C:/xampp/htdocs/PROJETOS/NfeNotasDownload/simples/" local="130556094160000000" remote="130556094160000000" Dst="1" />
<file name="class.Fornecedor.php" server="C:/xampp/htdocs/PROJETOS/NfeNotasDownload/simples/" local="130700681060000000" remote="130700681060000000" Dst="1" />
<file name="class.FornecedorDAO.php" server="C:/xampp/htdocs/PROJETOS/NfeNotasDownload/simples/" local="130822419720000000" remote="130822419720000000" Dst="1" />
<file name="class.Grupo.php" server="C:/xampp/htdocs/PROJETOS/NfeNotasDownload/simples/" local="130556038120000000" remote="130556038120000000" Dst="1" />
<file name="class.GrupoDAO.php" server="C:/xampp/htdocs/PROJETOS/NfeNotasDownload/simples/" local="130560555860000000" remote="130560555860000000" Dst="1" />
<file name="class.LocalProducao.php" server="C:/xampp/htdocs/PROJETOS/NfeNotasDownload/simples/" local="130536180220000000" remote="130536180220000000" Dst="1" />
<file name="class.LocalProducaoDAO.php" server="C:/xampp/htdocs/PROJETOS/NfeNotasDownload/simples/" local="130536364660000000" remote="130536364660000000" Dst="1" />
<file name="class.Menu.php" server="C:/xampp/htdocs/PROJETOS/NfeNotasDownload/simples/" local="130512821680000000" remote="130512821680000000" Dst="1" />
<file name="class.MenuDAO.php" server="C:/xampp/htdocs/PROJETOS/NfeNotasDownload/simples/" local="130512821680000000" remote="130512821680000000" Dst="1" />
<file name="class.Movimentacao.php" server="C:/xampp/htdocs/PROJETOS/NfeNotasDownload/simples/" local="130512821680000000" remote="130512821680000000" Dst="1" />
<file name="class.MovimentacaoDAO.php" server="C:/xampp/htdocs/PROJETOS/NfeNotasDownload/simples/" local="130578530540000000" remote="130578530540000000" Dst="1" />
<file name="class.MovimProd.php" server="C:/xampp/htdocs/PROJETOS/NfeNotasDownload/simples/" local="130558914120000000" remote="130558914120000000" Dst="1" />
<file name="class.MovimProdDAO.php" server="C:/xampp/htdocs/PROJETOS/NfeNotasDownload/simples/" local="130560376080000000" remote="130560376080000000" Dst="1" />
<file name="class.Nf_E.php" server="C:/xampp/htdocs/PROJETOS/NfeNotasDownload/simples/" local="130704916220000000" remote="130704916220000000" Dst="1" />
<file name="class.Nf_EDAO.php" server="C:/xampp/htdocs/PROJETOS/NfeNotasDownload/simples/" local="130747156980000000" remote="130747156980000000" Dst="1" />
<file name="class.NotasEntradaM.php" server="C:/xampp/htdocs/PROJETOS/NfeNotasDownload/simples/" local="130812882260000000" remote="130812882260000000" Dst="1" />
<file name="class.NotasEntradaMDAO.php" server="C:/xampp/htdocs/PROJETOS/NfeNotasDownload/simples/" local="131667391494906446" remote="131667391490000000" Dst="1" />
<file name="class.Permissoes.php" server="C:/xampp/htdocs/PROJETOS/NfeNotasDownload/simples/" local="130512821680000000" remote="130512821680000000" Dst="1" />
<file name="class.PermissoesDAO.php" server="C:/xampp/htdocs/PROJETOS/NfeNotasDownload/simples/" local="130512821680000000" remote="130512821680000000" Dst="1" />
<file name="class.Produtos.php" server="C:/xampp/htdocs/PROJETOS/NfeNotasDownload/simples/" local="131667375014041675" remote="131667375010000000" Dst="1" />
<file name="class.ProdutosDAO.php" server="C:/xampp/htdocs/PROJETOS/NfeNotasDownload/simples/" local="131781358266690646" remote="131781358260000000" Dst="1" />
<file name="class.RelacionaProduto.php" server="C:/xampp/htdocs/PROJETOS/NfeNotasDownload/simples/" local="130850712700000000" remote="130850712700000000" Dst="1" />
<file name="class.RelacionaProdutoDAO.php" server="C:/xampp/htdocs/PROJETOS/NfeNotasDownload/simples/" local="131596442500000000" remote="131596478500000000" Dst="1" />
<file name="class.Representante.php" server="C:/xampp/htdocs/PROJETOS/NfeNotasDownload/simples/" local="130547461360000000" remote="130547461360000000" Dst="1" />
<file name="class.RepresentanteDAO.php" server="C:/xampp/htdocs/PROJETOS/NfeNotasDownload/simples/" local="130547462180000000" remote="130547462180000000" Dst="1" />
<file name="class.Submenu.php" server="C:/xampp/htdocs/PROJETOS/NfeNotasDownload/simples/" local="130689126240000000" remote="130689162240000000" Dst="1" />
<file name="class.SubmenuDAO.php" server="C:/xampp/htdocs/PROJETOS/NfeNotasDownload/simples/" local="130689131000000000" remote="130689167000000000" Dst="1" />
<file name="class.TemplatePower.php" server="C:/xampp/htdocs/PROJETOS/NfeNotasDownload/simples/" local="130512821680000000" remote="130512821680000000" Dst="1" />
<file name="class.Usuario.php" server="C:/xampp/htdocs/PROJETOS/NfeNotasDownload/simples/" local="130512821680000000" remote="130512821680000000" Dst="1" />
<file name="class.UsuarioDAO.php" server="C:/xampp/htdocs/PROJETOS/NfeNotasDownload/simples/" local="130512821660000000" remote="130512821660000000" Dst="1" />
<file name="class.Vendedor.php" server="C:/xampp/htdocs/PROJETOS/NfeNotasDownload/simples/" local="130572490840000000" remote="130572490840000000" Dst="1" />
<file name="class.VendedorDAO.php" server="C:/xampp/htdocs/PROJETOS/NfeNotasDownload/simples/" local="130572491580000000" remote="130572491580000000" Dst="1" />
<file name="inc.autoload.php" server="C:/xampp/htdocs/PROJETOS/NfeNotasDownload/simples/" local="130512821660000000" remote="130512821660000000" Dst="1" />
<file name="inc.connect.php" server="C:/xampp/htdocs/PROJETOS/NfeNotasDownload/simples/" local="130802313960000000" remote="130802313960000000" Dst="1" />
<file name="inc.connectfirebird.php" server="C:/xampp/htdocs/PROJETOS/NfeNotasDownload/simples/" local="131781214922347975" remote="131781214920000000" Dst="1" />
<file name="inc.menu.php" server="C:/xampp/htdocs/PROJETOS/NfeNotasDownload/simples/" local="130693724360000000" remote="130693724360000000" Dst="1" />
<file name="inc.session.php" server="C:/xampp/htdocs/PROJETOS/NfeNotasDownload/simples/" local="130512821660000000" remote="130512821660000000" Dst="1" />
<file name="index.php" server="C:/xampp/htdocs/PROJETOS/NfeNotasDownload/simples/" local="130512821660000000" remote="130512821660000000" Dst="1" />
</dwsync>