<?xml version="1.0" encoding="utf-8" ?>
<dwsync>
<file name="dates.html" server="C:/xampp/htdocs/PROJETOS/NfeNotasDownload/simples/" local="130543324060000000" remote="130543324060000000" Dst="1" />
<file name="fieldDefaults.html" server="C:/xampp/htdocs/PROJETOS/NfeNotasDownload/simples/" local="130543324060000000" remote="130543324060000000" Dst="1" />
<file name="fieldTypes.html" server="C:/xampp/htdocs/PROJETOS/NfeNotasDownload/simples/" local="130543324060000000" remote="130543324060000000" Dst="1" />
<file name="i18n.html" server="C:/xampp/htdocs/PROJETOS/NfeNotasDownload/simples/" local="130543324060000000" remote="130543324060000000" Dst="1" />
<file name="index.html" server="C:/xampp/htdocs/PROJETOS/NfeNotasDownload/simples/" local="130543324060000000" remote="130543324060000000" Dst="1" />
<file name="inTableControls.html" server="C:/xampp/htdocs/PROJETOS/NfeNotasDownload/simples/" local="130543324060000000" remote="130543324060000000" Dst="1" />
<file name="join.html" server="C:/xampp/htdocs/PROJETOS/NfeNotasDownload/simples/" local="130543324060000000" remote="130543324060000000" Dst="1" />
<file name="responsive.html" server="C:/xampp/htdocs/PROJETOS/NfeNotasDownload/simples/" local="130543324060000000" remote="130543324060000000" Dst="1" />
<file name="server-side-processing.html" server="C:/xampp/htdocs/PROJETOS/NfeNotasDownload/simples/" local="130543324060000000" remote="130543324060000000" Dst="1" />
<file name="simple.html" server="C:/xampp/htdocs/PROJETOS/NfeNotasDownload/simples/" local="130543324060000000" remote="130543324060000000" Dst="1" />
<file name="test.html" server="C:/xampp/htdocs/PROJETOS/NfeNotasDownload/simples/" local="130543324060000000" remote="130543324060000000" Dst="1" />
<file name="test.php" server="C:/xampp/htdocs/PROJETOS/NfeNotasDownload/simples/" local="130543324060000000" remote="130543324060000000" Dst="1" />
</dwsync>