<?xml version="1.0" encoding="utf-8" ?>
<dwsync>
<file name="admin.php" server="C:/xampp/htdocs/PROJETOS/NfeNotasDownload/simples/" local="131596449160000000" remote="131596485160000000" Dst="1" />
<file name="ajax-submenu.php" server="C:/xampp/htdocs/PROJETOS/NfeNotasDownload/simples/" local="130512825060000000" remote="130512825060000000" Dst="1" />
<file name="apropriacao-exec.php" server="C:/xampp/htdocs/PROJETOS/NfeNotasDownload/simples/" local="130748991520000000" remote="130748991520000000" Dst="1" />
<file name="atualizar-menu.php" server="C:/xampp/htdocs/PROJETOS/NfeNotasDownload/simples/" local="130512825040000000" remote="130512825040000000" Dst="1" />
<file name="atualizar-usuario.php" server="C:/xampp/htdocs/PROJETOS/NfeNotasDownload/simples/" local="130512825040000000" remote="130512825040000000" Dst="1" />
<file name="cadastro-menu.php" server="C:/xampp/htdocs/PROJETOS/NfeNotasDownload/simples/" local="130512825020000000" remote="130512825020000000" Dst="1" />
<file name="cadastro-usuario.php" server="C:/xampp/htdocs/PROJETOS/NfeNotasDownload/simples/" local="130512825020000000" remote="130512825020000000" Dst="1" />
<file name="centro-exec.php" server="C:/xampp/htdocs/PROJETOS/NfeNotasDownload/simples/" local="130747184620000000" remote="130747184620000000" Dst="1" />
<file name="cfop-exec.php" server="C:/xampp/htdocs/PROJETOS/NfeNotasDownload/simples/" local="130798285660000000" remote="130798285660000000" Dst="1" />
<file name="config-exec.php" server="C:/xampp/htdocs/PROJETOS/NfeNotasDownload/simples/" local="131596447560000000" remote="131596483560000000" Dst="1" />
<file name="config.php" server="C:/xampp/htdocs/PROJETOS/NfeNotasDownload/simples/" local="131596448640000000" remote="131596484640000000" Dst="1" />
<file name="conta-exec.php" server="C:/xampp/htdocs/PROJETOS/NfeNotasDownload/simples/" local="130747240060000000" remote="130747240060000000" Dst="1" />
<file name="duplic-exec.php" server="C:/xampp/htdocs/PROJETOS/NfeNotasDownload/simples/" local="130802301960000000" remote="130802301960000000" Dst="1" />
<file name="geral_config.php" server="C:/xampp/htdocs/PROJETOS/NfeNotasDownload/simples/" local="131781358538274969" remote="131781358530000000" Dst="1" />
<file name="importacao.php" server="C:/xampp/htdocs/PROJETOS/NfeNotasDownload/simples/" local="130700473320000000" remote="130700473320000000" Dst="1" />
<file name="lista-menu.php" server="C:/xampp/htdocs/PROJETOS/NfeNotasDownload/simples/" local="130512825000000000" remote="130512825000000000" Dst="1" />
<file name="Listar-usuario.php" server="C:/xampp/htdocs/PROJETOS/NfeNotasDownload/simples/" local="130512825060000000" remote="130512825060000000" Dst="1" />
<file name="login-exec.php" server="C:/xampp/htdocs/PROJETOS/NfeNotasDownload/simples/" local="130512825000000000" remote="130512825000000000" Dst="1" />
<file name="login.php" server="C:/xampp/htdocs/PROJETOS/NfeNotasDownload/simples/" local="130481716300000000" remote="130481716300000000" Dst="1" />
<file name="menu-exec.php" server="C:/xampp/htdocs/PROJETOS/NfeNotasDownload/simples/" local="130512825000000000" remote="130512825000000000" Dst="1" />
<file name="permicao-exec.php" server="C:/xampp/htdocs/PROJETOS/NfeNotasDownload/simples/" local="130512825000000000" remote="130512825000000000" Dst="1" />
<file name="produto-exec.php" server="C:/xampp/htdocs/PROJETOS/NfeNotasDownload/simples/" local="130812692740000000" remote="130812692740000000" Dst="1" />
<file name="relacionamento-exec.php" server="C:/xampp/htdocs/PROJETOS/NfeNotasDownload/simples/" local="131781361307316380" remote="131781361300000000" Dst="1" />
<file name="relacionamento2-exec.php" server="C:/xampp/htdocs/PROJETOS/NfeNotasDownload/simples/" local="131781235946243881" remote="131781235940000000" Dst="1" />
<file name="submenu-exec.php" server="C:/xampp/htdocs/PROJETOS/NfeNotasDownload/simples/" local="130578571880000000" remote="130578571880000000" Dst="1" />
<file name="usuario-exec.php" server="C:/xampp/htdocs/PROJETOS/NfeNotasDownload/simples/" local="130512824980000000" remote="130512824980000000" Dst="1" />
</dwsync>