<?xml version="1.0" encoding="utf-8" ?>
<dwsync>
<file name="editor.bubble.scss" server="C:/xampp/htdocs/PROJETOS/NfeNotasDownload/simples/" local="130543324060000000" remote="130543324060000000" Dst="1" />
<file name="editor.datatable.scss" server="C:/xampp/htdocs/PROJETOS/NfeNotasDownload/simples/" local="130543324060000000" remote="130543324060000000" Dst="1" />
<file name="editor.envelope.scss" server="C:/xampp/htdocs/PROJETOS/NfeNotasDownload/simples/" local="130543324060000000" remote="130543324060000000" Dst="1" />
<file name="editor.fields.scss" server="C:/xampp/htdocs/PROJETOS/NfeNotasDownload/simples/" local="130543324060000000" remote="130543324060000000" Dst="1" />
<file name="editor.inline.scss" server="C:/xampp/htdocs/PROJETOS/NfeNotasDownload/simples/" local="130543324060000000" remote="130543324060000000" Dst="1" />
<file name="editor.lightbox.scss" server="C:/xampp/htdocs/PROJETOS/NfeNotasDownload/simples/" local="130543324060000000" remote="130543324060000000" Dst="1" />
<file name="editor.main.scss" server="C:/xampp/htdocs/PROJETOS/NfeNotasDownload/simples/" local="130543324060000000" remote="130543324060000000" Dst="1" />
<file name="editor.mixins.scss" server="C:/xampp/htdocs/PROJETOS/NfeNotasDownload/simples/" local="130543324060000000" remote="130543324060000000" Dst="1" />
<file name="editor.scss" server="C:/xampp/htdocs/PROJETOS/NfeNotasDownload/simples/" local="130543324060000000" remote="130543324060000000" Dst="1" />
</dwsync>